<?xml version="1.0" encoding="UTF-8"?>
<project-private xmlns="http://www.netbeans.org/ns/project-private/1">
    <editor-bookmarks xmlns="http://www.netbeans.org/ns/editor-bookmarks/2" lastBookmarkId="0"/>
    <open-files xmlns="http://www.netbeans.org/ns/projectui-open-files/2">
        <group>
            <file>file:/G:/xampp/htdocs/ch04_ex1/database.php</file>
            <file>file:/G:/xampp/htdocs/ch04_ex1/add_product_form.php</file>
            <file>file:/G:/xampp/htdocs/ch04_ex1/database_error.php</file>
            <file>file:/G:/xampp/htdocs/ch04_ex1/add_product.php</file>
            <file>file:/G:/xampp/htdocs/ch04_ex1/category_list.php</file>
            <file>file:/G:/xampp/htdocs/ch04_ex1/delete_product.php</file>
            <file>file:/G:/xampp/htdocs/ch04_ex1/index.php</file>
            <file>file:/G:/xampp/htdocs/ch04_ex1/error.php</file>
        </group>
    </open-files>
</project-private>
